business_id,business_name,business_slug,business_type,branch_id,branch_name,serial_number,min_invoice,max_invoice,branch_code,user_id,user_email,user_name,user_role,user_image
e2e-org-1,E2E Test Restaurant,e2e-resto,RESTAURANT,e2e-branch-1,E2E Main Branch,SN-E2E-001,0,999999,00001,e2e-owner-1,e2e.owner@test.com,E2E Owner,OWNER,https://api.dicebear.com/7.x/avataaars/svg?seed=e2eOwner
e2e-org-1,E2E Test Restaurant,e2e-resto,RESTAURANT,e2e-branch-1,E2E Main Branch,SN-E2E-001,0,999999,00001,e2e-admin-1,e2e.admin@test.com,E2E Admin,ADMIN,https://api.dicebear.com/7.x/avataaars/svg?seed=e2eAdmin
e2e-org-1,E2E Test Restaurant,e2e-resto,RESTAURANT,e2e-branch-1,E2E Main Branch,SN-E2E-001,0,999999,00001,e2e-supervisor-1,e2e.supervisor@test.com,E2E Supervisor,SUPERVISOR,https://api.dicebear.com/7.x/avataaars/svg?seed=e2eSup
e2e-org-1,E2E Test Restaurant,e2e-resto,RESTAURANT,e2e-branch-1,E2E Main Branch,SN-E2E-001,0,999999,00001,e2e-cashier-1,e2e.cashier@test.com,E2E Cashier One,CASHIER,https://api.dicebear.com/7.x/avataaars/svg?seed=e2eCash
e2e-org-1,E2E Test Restaurant,e2e-resto,RESTAURANT,e2e-branch-1,E2E Main Branch,SN-E2E-001,0,999999,00001,e2e-cashier-2,e2e.cashier2@test.com,E2E Cashier Two,CASHIER,https://api.dicebear.com/7.x/avataaars/svg?seed=e2eCash2
e2e-org-1,E2E Test Restaurant,e2e-resto,RESTAURANT,e2e-branch-2,E2E Second Branch,SN-E2E-002,0,999999,00002,e2e-admin-1,e2e.admin@test.com,E2E Admin,ADMIN,https://api.dicebear.com/7.x/avataaars/svg?seed=e2eAdmin
e2e-org-1,E2E Test Restaurant,e2e-resto,RESTAURANT,e2e-branch-2,E2E Second Branch,SN-E2E-002,0,999999,00002,e2e-supervisor-2,e2e.supervisor2@test.com,E2E Supervisor Two,SUPERVISOR,https://api.dicebear.com/7.x/avataaars/svg?seed=e2eSup2
e2e-org-1,E2E Test Restaurant,e2e-resto,RESTAURANT,e2e-branch-2,E2E Second Branch,SN-E2E-002,0,999999,00002,e2e-cashier-3,e2e.cashier3@test.com,E2E Cashier Three,CASHIER,https://api.dicebear.com/7.x/avataaars/svg?seed=e2eCash3
e2e-org-2,E2E Isolation Business,e2e-isolation,RETAIL,e2e-branch-3,Isolation Branch,SN-E2E-003,0,999999,00001,e2e-admin-2,e2e.admin2@test.com,E2E Admin Two,ADMIN,https://api.dicebear.com/7.x/avataaars/svg?seed=e2eAdmin2
e2e-org-2,E2E Isolation Business,e2e-isolation,RETAIL,e2e-branch-3,Isolation Branch,SN-E2E-003,0,999999,00001,e2e-cashier-4,e2e.cashier4@test.com,E2E Cashier Four,CASHIER,https://api.dicebear.com/7.x/avataaars/svg?seed=e2eCash4
